INSERT INTO `airline` (id, code,`name`) VALUES (1,'UA','United Airlines');
INSERT INTO `airline` (id, code,`name`) VALUES (2,'DL','Delta Air Lines');
INSERT INTO `airline` (id, code,`name`) VALUES (3,'WN','Southwest Airlines');
INSERT INTO `airline` (id, code,`name`) VALUES (4,'TK','Turkish Airlines');
INSERT INTO `airline` (id, code,`name`) VALUES (5,'AA','American Airlines');
INSERT INTO `airline` (id, code,`name`) VALUES (6,'AS','Alaska Airlines');
INSERT INTO `airline` (id, code,`name`) VALUES (7,'B6','JetBlue Airways');
INSERT INTO `airline` (id, code,`name`) VALUES (8,'XB','Air Canada');
INSERT INTO `airline` (id, code,`name`) VALUES (9,'NK','Spirit Airlines');
INSERT INTO `airline` (id, code,`name`) VALUES (10,'HA','Hawaiian Airlines');
INSERT INTO `airline` (id, code,`name`) VALUES (11,'QR','4D Air');
INSERT INTO `airline` (id, code,`name`) VALUES (12,'TH','611897 Alberta Limited');
INSERT INTO `airline` (id, code,`name`) VALUES (13,'AA','Ansett Australia');
INSERT INTO `airline` (id, code,`name`) VALUES (14,'AI','Abacus International');
INSERT INTO `airline` (id, code,`name`) VALUES (15,'A2','Abelag Aviation');
INSERT INTO `airline` (id, code,`name`) VALUES (16,'AA','Army Air Corps');
INSERT INTO `airline` (id, code,`name`) VALUES (17,'A3','Aero Aviation Centre Ltd.');
INSERT INTO `airline` (id, code,`name`) VALUES (18,'SI','Aero Servicios Ejecutivos Internacionales');
INSERT INTO `airline` (id, code,`name`) VALUES (19,'BZ','Aero Biniza');

INSERT INTO history (history,id) VALUES ('UAL Corporation is the holding company for United Airlines, Inc., the world''s largest airline, which flies 240,000 passengers a day to 26 countries.',1);
INSERT INTO history (history,id) VALUES ('Delta Air Lines, Inc. is one of the largest and most successful air carriers in the United States. Originally founded as a crop dusting service in 1924, Delta was led for 40 years by an agricultural scientist and pilot named Collet Everman Woolman.',2);
INSERT INTO history (history,id) VALUES ('Southwest Airlines Co. is a major U.S. airline and considered as the world’s largest low-cost carrier. The main office of Southwest Airlines Co. is located in Dallas, Texas.',3);
INSERT INTO history (history,id) VALUES ('Back in 1933, the Turkish Airlines adventure began; an endeavor to unite people, cultures, continents, countries and cities whilst providing new, inspiring travel experiences for all. On the 20th of May 1933, we took to the skies as State Airlines Administration.',4);
INSERT INTO history (history,id) VALUES ('American Airlines is a product of the merger of a number of small airline companies. One of these founding enterprises was the Robertson Aircraft Company of Missouri, which employed Charles Lindbergh to pilot its first airmail run in 1926.',5);
INSERT INTO history (history,id) VALUES ('Alaska Air Group, Inc. is the holding company for Alaska Air, the tenth largest U.S. airline with the country''s youngest fleet of aircraft.',6);
INSERT INTO history (history,id) VALUES ('JetBlue, the John F. Kennedy airport New York-based low-cost carrier, was founded by David Neeleman and began operations in February 2000.',7);
INSERT INTO history (history,id) VALUES ('Air Canada is the only national, full-service airline based in Canada.',8);
INSERT INTO history (history,id) VALUES ('Travel Agent magazine calls Spirit Airlines, Inc. ''the most successful small carrier you''ve never heard of.',9);
INSERT INTO history (history,id) VALUES ('Hawaiian Airlines, Inc. flies between the Hawaiian Islands, several cities in the western U.S. mainland and South Pacific destinations.',10);
INSERT INTO history (history,id) VALUES ('Started in 1970',11);
INSERT INTO history (history,id) VALUES ('Started in 1988',12);
INSERT INTO history (history,id) VALUES ('Started in 1955',13);
INSERT INTO history (history,id) VALUES ('Started in 1945',14);
INSERT INTO history (history,id) VALUES ('Started in 1995',15);
INSERT INTO history (history,id) VALUES ('Started in 1993',16);
INSERT INTO history (history,id) VALUES ('Started in 1997',17);
INSERT INTO history (history,id) VALUES ('Started in 1999',18);
INSERT INTO history (history,id) VALUES ('Started in 1985',19);

INSERT INTO `airport` (id, code, name, city,state,street,zip) VALUES (1,  'SFO', 'San-Francisco-International', 'San-Francisco', 'CA', '', '234');
INSERT INTO `airport` (id, code, name, city,state,street,zip) VALUES (2,  'OAK', 'Oakland-International', 'Oakland', 'CA', '', '456');
INSERT INTO `airport` (id, code, name, city,state,street,zip) VALUES (3,  'LAS', 'McCarren-International', 'Las-Vegas', 'NV', '', '456');
INSERT INTO `airport` (id, code, name, city,state,street,zip) VALUES (4,  'HNL', 'Honolulu-International', 'Honolulu', 'HI', '', '456');
INSERT INTO `airport` (id, code, name, city,state,street,zip) VALUES (5,  'JFK', 'John-F-Kennedy-International', 'New-York', 'NY', '', '456');
INSERT INTO `airport` (id, code, name, city,state,street,zip) VALUES (6,  'FAT', 'Fresno-Yosemite-International', 'Fresno', 'CA', '', '456');
INSERT INTO `airport` (id, code, name, city,state,street,zip) VALUES (7,  'MSY', 'Louis-Armstrong', 'New-Orleans', 'LA', '', '456');
INSERT INTO `airport` (id, code, name, city,state,street,zip) VALUES (8,  'ORD', 'Chicago-OHare-International', 'Chicago', 'IL', '', '456');
INSERT INTO `airport` (id, code, name, city,state,street,zip) VALUES (9,  'MDW', 'Midway', 'Chicago', 'IL', '', '456');
INSERT INTO `airport` (id, code, name, city,state,street,zip) VALUES (10, 'SMF', 'Sacramento-International', 'Sacramento', 'CA', '', '456');
INSERT INTO `airport` (id, code, name, city,state,street,zip) VALUES (11, 'SCK', 'Stockton-Metropolitan', 'Stockton', 'CA', '', '456');
INSERT INTO `airport` (id, code, name, city,state,street,zip) VALUES (12, 'PHX', 'Phoenix-Sky-Harbor', 'Phoenix', 'AZ', '', '456');
INSERT INTO `airport` (id, code, name, city,state,street,zip) VALUES (13, 'DEN', 'Denver-International', 'Denver', 'CO', '', '456');
INSERT INTO `airport` (id, code, name, city,state,street,zip) VALUES (14, 'EWR', 'Newark-International', 'Newark', 'NJ', '', '456');
INSERT INTO `airport` (id, code, name, city,state,street,zip) VALUES (15, 'IAH', 'Bush-Intercontinental', 'Houston', 'TX', '', '456');
INSERT INTO `airport` (id, code, name, city,state,street,zip) VALUES (16, 'LAX', 'Los-Angeles-International', 'Los-Angeles', 'CA', '', '456');
INSERT INTO `airport` (id, code, name, city,state,street,zip) VALUES (17, 'DCA', 'Ronald-Reagan-National', 'Arlington', 'VA', '', '456');
INSERT INTO `airport` (id, code, name, city,state,street,zip) VALUES (18, 'IAD', 'Washington-Dulles-International', 'Dulles', 'VA', '', '456');
INSERT INTO `airport` (id, code, name, city,state,street,zip) VALUES (19, 'SLC', 'Salt-Lake-City-International', 'Salt-Lake-City', 'UT', '', '456');
INSERT INTO `airport` (id, code, name, city,state,street,zip) VALUES (20, 'DFW', 'Dallas-Fort-Worth', 'DFW', 'TX', '', '456');

INSERT INTO flight (id, arrival_time, capacity, departure_time, number, airline_id, destination_id, origin_id) VALUES (1, '11:30:00', 200,  '01:00:00', 'UA125', 1, 5, 3);
INSERT INTO flight (id, arrival_time, capacity, departure_time, number, airline_id, destination_id, origin_id) VALUES (2, '16:30:00', 180,  '18:30:00', 'DL212', 2, 2, 8);
INSERT INTO flight (id, arrival_time, capacity, departure_time, number, airline_id, destination_id, origin_id) VALUES (3, '10:30:00', 200, '01:00:00', 'WN125', 3, 5, 4);
INSERT INTO flight (id, arrival_time, capacity, departure_time, number, airline_id, destination_id, origin_id) VALUES (4,  '16:30:00', 180,  '18:30:00', 'AA212', 5, 8, 2);
INSERT INTO flight (id, arrival_time, capacity, departure_time, number, airline_id, destination_id, origin_id) VALUES (5,  '11:30:00', 250,  '01:00:00', 'UA526', 1, 5, 13);
INSERT INTO flight (id, arrival_time, capacity, departure_time, number, airline_id, destination_id, origin_id) VALUES (6,  '12:30:00', 160,  '14:30:00', 'DL224', 2, 2, 10);
INSERT INTO flight (id, arrival_time, capacity, departure_time, number, airline_id, destination_id, origin_id) VALUES (7, '06:30:00', 200, '08:00:00', 'WN125', 3, 5, 4);
INSERT INTO flight (id, arrival_time, capacity, departure_time, number, airline_id, destination_id, origin_id) VALUES (8,  '07:45:00', 230,  '09:30:00', 'WN202', 3, 7, 14);
INSERT INTO flight (id, arrival_time, capacity, departure_time, number, airline_id, destination_id, origin_id) VALUES (9,  '09:45:00', 220,  '09:30:00', 'WN672', 3, 9, 15);
INSERT INTO flight (id, arrival_time, capacity, departure_time, number, airline_id, destination_id, origin_id) VALUES (10,  '19:30:00', 180,  '21:30:00', 'NK332', 9, 5, 9);
INSERT INTO flight (id, arrival_time, capacity, departure_time, number, airline_id, destination_id, origin_id) VALUES (11,  '20:30:00', 180,  '22:00:00', 'NK266', 9, 5, 10);
INSERT INTO flight (id, arrival_time, capacity, departure_time, number, airline_id, destination_id, origin_id) VALUES (12,  '11:30:00', 250,  '01:00:00', 'UA516', 1, 8, 15);
INSERT INTO flight (id, arrival_time, capacity, departure_time, number, airline_id, destination_id, origin_id) VALUES (13,  '11:30:00', 250,  '01:00:00', 'UA727', 1, 10, 16);

INSERT INTO user (id, date_of_birth, email, first_name, last_name, city, state, street, zip) VALUES (1, null, 'admin@miu.edu', 'Admin', 'Admin', 'Fairfield', 'Iowa', '1000 4th N Street', '52557');
INSERT INTO  user (id, date_of_birth, email, first_name,  last_name, city, state, street, zip) VALUES (2, null, 'undraa@miu.edu', 'Undraa', 'Enebish', 'Fairfield', 'Iowa', '1000 4th N Street', '52557');
INSERT INTO  user (id, date_of_birth, email, first_name,  last_name, city, state, street, zip) VALUES (3, null, 'meron@miu.edu', 'Meron', 'Habtamu', 'Fairfield', 'Iowa', '1000 4th N Street', '52557');
INSERT INTO  user (id, date_of_birth, email, first_name,  last_name, city, state, street, zip) VALUES (4, null, 'naryan@miu.edu', 'Naryan', 'Prasad', 'Fairfield', 'Iowa', '1000 4th N Street', '52557');
INSERT INTO  user (id, date_of_birth, email, first_name,  last_name, city, state, street, zip) VALUES (5, null, 'mohammad@miu.edu', 'Mohammad', 'Haroon', 'Fairfield', 'Iowa', '1000 4th N Street', '52557');
INSERT INTO  user (id, date_of_birth, email, first_name,  last_name, city, state, street, zip) VALUES (6, null, 'agent1@miu.edu', 'Agent1', 'Agent1', 'Fairfield', 'Iowa', '1000 4th N Street', '52557');

INSERT INTO passenger (id) VALUES (1);
INSERT INTO passenger (id) VALUES (2);
INSERT INTO passenger (id) VALUES (3);
INSERT INTO passenger (id) VALUES (4);

INSERT INTO agent (id) VALUES (6);
INSERT INTO agent (id) VALUES (5);

INSERT INTO reservation (id, code, passenger_id) VALUES (1,'23X54B' , 1);
INSERT INTO reservation (id, code, passenger_id) VALUES (2, '43Y32G', 2);
INSERT INTO reservation (id, code, passenger_id) VALUES (3, '33RQ44', 3);
INSERT INTO reservation (id, code, passenger_id) VALUES (4, 'D43TU8', 4);
INSERT INTO reservation (id, code, passenger_id) VALUES (5, 'DW534Y', 2);
INSERT INTO reservation (id, code, passenger_id) VALUES (6, 'GT534Z', 2);
INSERT INTO reservation (id, code, passenger_id) VALUES (7, 'GH5T08', 3);
INSERT INTO reservation (id, code, passenger_id) VALUES (8, 'KG539Z', 4);

--INSERT INTO ticket (id, flight_date, number, flight_info_id, reservation_id ) VALUES (1, '2021-11-14', '9636948949', 1, 1);
--INSERT INTO ticket (id, flight_date, number, flight_info_id, reservation_id ) VALUES (2, '2021-11-14', '7663673815', 2, 2);
--INSERT INTO ticket (id, flight_date, number, flight_info_id, reservation_id ) VALUES (3, '2021-11-14', '3407539885', 3, 3);
--INSERT INTO ticket (id, flight_date, number, flight_info_id, reservation_id ) VALUES (4, '2021-11-19', '5686740346', 5, 5);
--INSERT INTO ticket (id, flight_date, number, flight_info_id, reservation_id ) VALUES (5, '2021-11-21', '5947631318', 6, 6);
--INSERT INTO ticket (id, flight_date, number, flight_info_id, reservation_id ) VALUES (6, '2021-11-24', '5136360734', 7, 7);
--INSERT INTO ticket (id, flight_date, number, flight_info_id, reservation_id ) VALUES (7, '2021-11-14', '3259234166', 4, 3);
--INSERT INTO ticket (id, flight_date, number, flight_info_id, reservation_id ) VALUES (8, '2021-11-19', '8430754305', 6, 3);
--INSERT INTO ticket (id, flight_date, number, flight_info_id, reservation_id ) VALUES (9, '2021-11-22', '2235797404', 7, 1);
--INSERT INTO ticket (id, flight_date, number, flight_info_id, reservation_id ) VALUES (10, '2021-11-16', '4065014484', 4, 4);

INSERT INTO flight_info (id, departure_date, flight_id,reservation_id) VALUES(1, '2021-11-14', 1,1);
INSERT INTO flight_info (id, departure_date, flight_id,reservation_id) VALUES(2, '2021-11-14', 2,2);
INSERT INTO flight_info (id, departure_date, flight_id,reservation_id) VALUES(3, '2021-11-14', 3,5);
INSERT INTO flight_info (id, departure_date, flight_id,reservation_id) VALUES(4, '2021-11-16', 4,6);
INSERT INTO flight_info (id, departure_date, flight_id,reservation_id) VALUES(5, '2021-11-19', 5,3);
INSERT INTO flight_info (id, departure_date, flight_id,reservation_id) VALUES(6, '2021-11-14', 6,7);
INSERT INTO flight_info (id, departure_date, flight_id,reservation_id) VALUES(7, '2021-11-21', 7,4);
INSERT INTO flight_info (id, departure_date, flight_id,reservation_id) VALUES(8, '2021-11-24', 8,8);
INSERT INTO flight_info (id, departure_date, flight_id,reservation_id) VALUES(9, '2021-11-25', 9,1);
INSERT INTO flight_info (id, departure_date, flight_id,reservation_id) VALUES(10, '2021-11-19', 10,1);

-- INSERT INTO ticket (id, flight_date, number, flight_info_id ) VALUES (1, '2021-11-14', '9636948949', 1);
-- INSERT INTO ticket (id, flight_date, number, flight_info_id ) VALUES (2, '2021-11-14', '7663673815', 2);
-- INSERT INTO ticket (id, flight_date, number, flight_info_id ) VALUES (3, '2021-11-14', '3407539885', 3);
-- INSERT INTO ticket (id, flight_date, number, flight_info_id ) VALUES (10, '2021-11-16', '4065014484', 4);
-- INSERT INTO ticket (id, flight_date, number, flight_info_id ) VALUES (4, '2021-11-19', '5686740346', 5);
-- INSERT INTO ticket (id, flight_date, number, flight_info_id ) VALUES (5, '2021-11-21', '5947631318', 6);
-- INSERT INTO ticket (id, flight_date, number, flight_info_id ) VALUES (6, '2021-11-24', '5136360734', 7);
-- INSERT INTO ticket (id, flight_date, number, flight_info_id ) VALUES (7, '2021-11-14', '3259234166', 4);
-- INSERT INTO ticket (id, flight_date, number, flight_info_id ) VALUES (8, '2021-11-19', '8430754305', 6);
-- INSERT INTO ticket (id, flight_date, number, flight_info_id ) VALUES (9, '2021-11-22', '2235797404', 7);

